rows,difference,ci95_low,ci95_high,iterations,fraction_above_zero,size,baseline,comparison,label,cluster_ci95_low,cluster_ci95_high,cluster_count
400,0.0008989790579004842,-0.04238329508489709,0.042427524039756345,5000,0.5078,400,old_concat,structured_concat,difference_in_differences_concat,-0.05813601375620997,0.042528019136769804,12
400,-0.023677488025466542,-0.05933677857156939,0.010650432909150872,5000,0.0922,400,old_late_fusion,structured_late_fusion,difference_in_differences_late_fusion,-0.05325945125474263,-0.001266893196686631,12
