rows,difference,ci95_low,ci95_high,iterations,fraction_above_zero,size,baseline,comparison,label,cluster_ci95_low,cluster_ci95_high,cluster_count
400,0.01870987999226681,-0.02802283582522329,0.0669119622508398,5000,0.777,400,content,old_concat,old prompt: explanation vs current,-0.04178483352124663,0.065236544489379,12
400,0.0008989790579004842,-0.04238329508489709,0.042427524039756345,5000,0.5078,400,old_concat,structured_concat,prompt change: structured vs old,-0.05813601375620997,0.042528019136769804,12
400,0.016403532702283896,-0.015899952707607395,0.04696962012989544,5000,0.8444,400,old_concat,old_late_fusion,fusion change: late fusion vs concat,-0.01572427125355864,0.06504175627283577,12
400,-0.007273955323182646,-0.052306401683465474,0.03687653440282111,5000,0.3704,400,old_concat,structured_late_fusion,primary system: structured + late fusion vs old concat,-0.05293926251938865,0.04653753655486515,12
400,0.035113412694550705,-0.003153482693772591,0.07354815663274694,5000,0.963,400,content,old_late_fusion,old prompt + late fusion vs current,0.0076110886246665965,0.068745796338131,12
400,0.011435924669084163,-0.010021151869546394,0.03413360468105669,5000,0.8416,400,content,structured_late_fusion,new prompt + late fusion vs current,-0.002084091881019573,0.022799971419343625,12
400,0.006502860880014727,-0.03391891807106325,0.04571565356558886,5000,0.6254,1000,content,structured_concat,"1,000 train: structured explanation vs current",-0.056884230305694436,0.047148241280955135,12
400,0.01527221020440106,-0.01284995343608042,0.0434280984754621,5000,0.8556,1000,content,structured_late_fusion,"1,000 train: structured late fusion vs current",-0.009595063830778731,0.02860815528444694,12
