stage,wall_seconds,peak_memory_gib
800 explanations,450.19199550000485,6.396148681640625
400 direct,83.76444650000485,6.3792724609375
RoBERTa 400,10.238928258331724,2.17422612508138
"RoBERTa 2,000",50.93474136666434,2.17520268758138
