comparison,difference_pp,ci95_low_pp,ci95_high_pp
Full: + official explanation,1.2607486707431,0.58461373777797,1.94321615611346
400: + raw context,-17.190055700967118,-22.74811079670552,-11.75925865215456
400: + Qwen explanation,1.8709879992266798,-2.8022835825223202,6.69119622508398
400: + official explanation,3.03150690518283,-1.7757964626159102,7.71033228020126
