{
  "model": "qwen3:8b",
  "split": "train",
  "requested_rows": 400,
  "successful_rows": 400,
  "failed_rows": 0,
  "wall_seconds": 233.61035509999783,
  "mean_generation_seconds": 0.5837884307502099,
  "median_generation_seconds": 0.5562530999959563,
  "total_generated_tokens": 7514,
  "tokens_per_second": 32.16467008401063,
  "peak_gpu_memory_mb": 6424.98046875,
  "mean_gpu_utilization": 92.2024202420242
}