comparison,unit,point_delta_pp,ci95_low_pp,ci95_high_pp,probability_delta_le_zero,iterations
dapt_ce-base_ce,row,1.3041917821798088,0.7363949167379189,1.8720069098916041,0.0,5000
dapt_ce-base_ce,live_id_cluster,1.3041917821798088,-0.0016451771984116131,2.3200469394566046,0.0258,5000
base_rdrop-base_ce,row,0.22801034979101908,-0.18136474874310027,0.6294427114767857,0.1274,5000
base_rdrop-base_ce,live_id_cluster,0.22801034979101908,-0.6834925643927117,0.9438445539905438,0.3014,5000
dapt_rdrop-base_ce,row,1.4500911611543765,0.8496903943620429,2.0603777738113593,0.0,5000
dapt_rdrop-base_ce,live_id_cluster,1.4500911611543765,0.7665114429443418,2.445029466775668,0.0,5000
