suite,baseline,comparison,paired_seeds,macro_f1_difference_mean,macro_f1_difference_sd,differences_by_seed
main,content,official,3,0.011320634963068973,0.004808868967460339,"{""100"": 0.01682631396503831, ""101"": 0.007942619653484417, ""102"": 0.009192971270684192}"
qwen,content,context,3,-0.1720762502648733,0.058561106037465074,"{""100"": -0.10907012536995109, ""101"": -0.22484135188136345, ""102"": -0.1823172735433054}"
qwen,content,official,3,-0.019936040139851657,0.03298916638313163,"{""100"": -0.05286728059567758, ""101"": 0.013110748629040936, ""102"": -0.020051588452918323}"
qwen,content,qwen,3,-0.023354103342168253,0.018865354456531154,"{""100"": -0.04317313438543913, ""101"": -0.005614766293195239, ""102"": -0.021274409347870393}"
